{"cameraMode":{"drawMode":0,"name":"Shaded","section":"Shading Mode"},"sceneLighting":true,"audioPlay":false,"sceneViewState":{"showFog":true,"showMaterialUpdate":false,"showSkybox":true,"showFlares":true,"showImageEffects":true,"showParticleSystems":true},"in2DMode":false,"pivot":{"x":-6.81129264831543,"y":0.7805328369140625,"z":-3.2673778533935549},"rotation":{"x":-0.05061152204871178,"y":-0.36099234223365786,"z":0.019624631851911546,"w":-0.9309884309768677},"size":3.8115899562835695,"orthographic":false}