{"cameraMode":{"drawMode":0,"name":"Shaded","section":"Shading Mode"},"sceneLighting":true,"audioPlay":false,"sceneViewState":{"showFog":true,"showMaterialUpdate":false,"showSkybox":true,"showFlares":true,"showImageEffects":true,"showParticleSystems":true},"in2DMode":false,"pivot":{"x":9.789427757263184,"y":3.238919496536255,"z":0.1018873080611229},"rotation":{"x":0.3473165035247803,"y":0.10496368259191513,"z":-0.03894922882318497,"w":0.9311331510543823},"size":21.980192184448243,"orthographic":false}